date,value
2018-06-19,46.204105
2018-06-20,46.777496
2018-06-21,46.490803
2018-06-22,46.694267
2018-06-25,45.732460
2018-06-26,45.808285
2018-06-27,45.408764
2018-06-28,45.861931
2018-06-29,45.806427
2018-07-02,46.093128
2018-07-03,45.528988
2018-07-05,46.222610
2018-07-06,46.953224
2018-07-09,47.221413
2018-07-10,47.201988
2018-07-11,47.138187
2018-07-12,47.878029
2018-07-13,47.804047
2018-07-16,47.665329
2018-07-17,47.674580
2018-07-18,47.535854
2018-07-19,47.202923
2018-07-20,47.045696
2018-07-23,47.239914
2018-07-24,47.572842
2018-07-25,47.915039
2018-07-26,46.107925
2018-07-27,45.233044
2018-07-30,44.520927
2018-07-31,44.816868
2018-08-01,44.631912
2018-08-02,44.927853
2018-08-03,45.233044
2018-08-06,45.686211
2018-08-07,45.741699
2018-08-08,45.704693
2018-08-09,45.954403
2018-08-10,45.565987
2018-08-13,45.501236
2018-08-14,45.824928
2018-08-15,45.186802
2018-08-16,45.168324
2018-08-17,44.955593
2018-08-20,45.029579
2018-08-21,45.307026
2018-08-22,45.251545
2018-08-23,45.066578
2018-08-24,45.723202
2018-08-27,46.167107
2018-08-28,45.963661
2018-08-29,46.222610
2018-08-30,45.935921
2018-08-31,45.482754
2018-09-04,44.918617
2018-09-05,44.335964
2018-09-06,44.003021
2018-09-07,44.095528
2018-09-10,44.188000
2018-09-11,44.631912
2018-09-12,44.502438
2018-09-13,44.816868
2018-09-14,44.733646
2018-09-17,44.298977
2018-09-18,44.613415
2018-09-19,44.733646
2018-09-20,45.223812
2018-09-21,45.021652
2018-09-24,45.021652
2018-09-25,45.040192
2018-09-26,45.216377
2018-09-27,45.605854
2018-09-28,45.438931
2018-10-01,45.253464
2018-10-02,45.216377
2018-10-03,45.420376
2018-10-04,44.771263
2018-10-05,44.344681
2018-10-08,44.196323
2018-10-09,44.168499
2018-10-10,42.425125
2018-10-11,42.063480
2018-10-12,43.000072
2018-10-15,42.833160
2018-10-16,43.964489
2018-10-17,44.140682
2018-10-18,43.333908
2018-10-19,43.324635
2018-10-22,43.296814
2018-10-23,43.204090
2018-10-24,41.145416
2018-10-25,42.508587
2018-10-26,41.358700
2018-10-29,40.718853
2018-10-30,41.831638
2018-10-31,42.694054
2018-11-01,42.944443
2018-11-02,42.508587
2018-11-05,42.332397
2018-11-06,42.582779
2018-11-07,43.361732
2018-11-08,42.953701
2018-11-09,42.072750
2018-11-12,41.442165
2018-11-13,41.312340
2018-11-14,41.516357
2018-11-15,41.822365
2018-11-16,41.618355
2018-11-19,40.357197
2018-11-20,39.828617
2018-11-21,40.301556
2018-11-23,39.772980
2018-11-26,40.681755
2018-11-27,40.811581
2018-11-28,41.664730
2018-11-29,41.803814
2018-11-30,41.738907
2018-12-03,41.803814
2018-12-04,40.570477
2018-12-06,41.024895
2018-12-07,40.245914
2018-12-10,40.551929
2018-12-11,40.589027
2018-12-12,41.024895
2018-12-13,40.839409
2018-12-14,40.440651
2018-12-17,39.652424
2018-12-18,39.828617
2018-12-19,38.975475
2018-12-20,38.289253
2018-12-21,37.037014
2018-12-24,36.255527
2018-12-26,38.292976
2018-12-27,38.469746
2018-12-28,38.348801
2018-12-31,38.404625
2019-01-02,38.916313
2019-01-03,38.265076
2019-01-04,39.911793
2019-01-07,40.367649
2019-01-08,41.046803
2019-01-09,41.102627
2019-01-10,41.186348
2019-01-11,40.981674
2019-01-14,40.832809
2019-01-15,41.511978
2019-01-16,41.335217
2019-01-17,41.502674
2019-01-18,41.837589
2019-01-22,40.972382
2019-01-23,40.786312
2019-01-24,40.972382
2019-01-25,41.493359
2019-01-28,41.130524
2019-01-29,40.646748
2019-01-30,41.232861
2019-01-31,42.916794
2019-02-01,42.767944
2019-02-04,43.167984
2019-02-05,43.642452
2019-02-06,42.665611
2019-02-07,42.256245
2019-02-08,42.544659
2019-02-11,42.107395
2019-02-12,42.591171
2019-02-13,42.619091
2019-02-14,42.777245
2019-02-15,42.963310
2019-02-19,43.009827
2019-02-20,42.860970
2019-02-21,42.460922
2019-02-22,42.860970
2019-02-25,42.907490
2019-02-26,42.907490
2019-02-27,42.693512
2019-02-28,42.721416
2019-03-01,43.056343
2019-03-04,43.112164
2019-03-05,43.381969
2019-03-06,43.363354
2019-03-07,42.981922
2019-03-08,42.954018
2019-03-11,43.726192
2019-03-12,43.921570
2019-03-13,44.051815
2019-03-14,43.856457
2019-03-15,43.821960
2019-03-18,43.449158
2019-03-19,43.523720
2019-03-20,43.915165
2019-03-21,44.492992
2019-03-22,43.775364
2019-03-25,43.700794
2019-03-26,43.915165
2019-03-27,43.598274
2019-03-28,43.495758
2019-03-29,43.588974
2019-04-01,44.250671
2019-04-02,44.483665
2019-04-03,44.651421
2019-04-04,44.903065
2019-04-05,45.033546
2019-04-08,44.949665
2019-04-09,45.070820
2019-04-10,45.266541
2019-04-11,45.294491
2019-04-12,45.685917
2019-04-15,45.648643
2019-04-16,45.695248
2019-04-17,45.779129
2019-04-18,45.807079
2019-04-22,46.012115
2019-04-23,46.627220
2019-04-24,46.412872
2019-04-25,46.934788
2019-04-26,47.307587
2019-04-29,47.736294
2019-04-30,46.664520
2019-05-01,46.422207
2019-05-02,46.235809
2019-05-03,46.683151
2019-05-06,46.608593
2019-05-07,45.853680
2019-05-08,45.779129
2019-05-09,45.639336
2019-05-10,45.769817
2019-05-13,44.353188
2019-05-14,44.604836
2019-05-15,45.602051
2019-05-16,46.002796
2019-05-17,45.667290
2019-05-20,44.912384
2019-05-21,45.406334
2019-05-22,45.359737
2019-05-23,44.725990
2019-05-24,44.716671
2019-05-28,44.912384
2019-05-29,44.474339
2019-05-30,44.576862
2019-05-31,43.887211
2019-06-03,42.507858
2019-06-04,43.421211
2019-06-05,43.439842
2019-06-06,43.626240
2019-06-07,44.334549
2019-06-10,44.297268
2019-06-11,44.483665
2019-06-12,44.269302
2019-06-13,44.763271
2019-06-14,44.847141
2019-06-17,45.359737
2019-06-18,45.611362
2019-06-19,45.667290
2019-06-20,45.956203
2019-06-21,46.150517
2019-06-24,46.262630
2019-06-25,45.403141
2019-06-26,45.225655
2019-06-27,45.543278
2019-06-28,45.982368
2019-07-01,46.356045
2019-07-02,46.785793
2019-07-03,47.028687
2019-07-05,47.094093
2019-07-08,46.673679
2019-07-09,46.963299
2019-07-10,47.495808
2019-07-11,47.523819
2019-07-12,47.869492
2019-07-15,47.878830
2019-07-16,47.766724
2019-07-17,47.318302
2019-07-18,46.935272
2019-07-19,46.328026
2019-07-22,46.505524
2019-07-23,46.683033
2019-07-24,47.094093
2019-07-25,46.972626
2019-07-26,48.317917
2019-07-29,48.046997
2019-07-30,47.822777
2019-07-31,47.439739
2019-08-01,47.215538
2019-08-02,46.757767
2019-08-05,45.244331
2019-08-06,45.898285
2019-08-07,45.954338
2019-08-08,46.879211
2019-08-09,46.356045
2019-08-12,45.860909
2019-08-13,46.533566
2019-08-14,44.879986
2019-08-15,44.954723
2019-08-16,45.533936
2019-08-19,46.243938
2019-08-20,45.935654
2019-08-21,46.113159
2019-08-22,46.010380
2019-08-23,44.749191
2019-08-26,45.421829
2019-08-27,45.505913
2019-08-28,45.618015
2019-08-29,46.328026
2019-08-30,46.271957
2019-09-03,45.814198
2019-09-04,46.701714
2019-09-05,47.495808
2019-09-06,47.393032
2019-09-09,47.542511
2019-09-10,47.607903
2019-09-11,47.860157
2019-09-12,48.000282
2019-09-13,47.916206
2019-09-16,47.738697
2019-09-17,47.785404
2019-09-18,47.729359
2019-09-19,47.776066
2019-09-20,47.466118
2019-09-23,47.297562
2019-09-24,46.585903
2019-09-25,47.119656
2019-09-26,46.660812
2019-09-27,46.136433
2019-09-30,46.370525
2019-10-01,45.902332
2019-10-02,45.209396
2019-10-03,45.649506
2019-10-04,46.267517
2019-10-07,46.267517
2019-10-08,45.518406
2019-10-09,45.789970
2019-10-10,46.052158
2019-10-11,46.595257
2019-10-14,46.492283
2019-10-15,47.288200
2019-10-16,47.372486
2019-10-17,47.653400
2019-10-18,47.100918
2019-10-21,47.381840
2019-10-22,46.923012
2019-10-23,47.288200
2019-10-24,46.754448
2019-10-25,47.119656
2019-10-28,47.559765
2019-10-29,47.129013
2019-10-30,47.260113
2019-10-31,47.400562
2019-11-01,47.709576
2019-11-04,47.971786
2019-11-05,47.990501
2019-11-06,47.821957
2019-11-07,48.121597
2019-11-08,48.252701
2019-11-11,48.027966
2019-11-12,48.084148
2019-11-13,48.065422
2019-11-14,48.280781
2019-11-15,48.683441
2019-11-18,48.851994
2019-11-19,48.880074
2019-11-20,48.580437
2019-11-21,48.711529
2019-11-22,48.730255
2019-11-25,48.880074
2019-11-26,49.039261
2019-11-27,49.385742
2019-11-29,49.217182
2019-12-02,48.748993
2019-12-03,48.655338
2019-12-04,48.908176
2019-12-05,49.114185
2019-12-06,49.404461
2019-12-09,49.217182
2019-12-10,49.048630
2019-12-11,49.273376
2019-12-12,49.329559
2019-12-13,49.217182
2019-12-16,49.704124
2019-12-17,49.657291
2019-12-18,49.994400
2019-12-19,50.453243
2019-12-20,50.609947
2019-12-23,50.478584
2019-12-24,50.469189
2019-12-26,50.853947
2019-12-27,50.760109
2019-12-30,50.234581
2019-12-31,50.328426
2020-01-02,50.919643
2020-01-03,50.591183
2020-01-06,51.266880
2020-01-07,51.332554
2020-01-08,51.698544
2020-01-09,51.970692
2020-01-10,51.764240
2020-01-13,52.252220
2020-01-14,52.120834
2020-01-15,52.374214
2020-01-16,52.777748
2020-01-17,53.190666
2020-01-21,53.143742
2020-01-22,53.115582
2020-01-23,52.899757
2020-01-24,52.261616
2020-01-27,51.445160
2020-01-28,52.036385
2020-01-29,51.951920
2020-01-30,51.426388
2020-01-31,50.591183
2020-02-03,51.191780
2020-02-04,51.726700
2020-02-05,51.811153
2020-02-06,52.458679
2020-02-07,52.421143
2020-02-10,52.730820
2020-02-11,52.674515
2020-02-12,53.359577
2020-02-13,53.368958
2020-02-14,53.434647
2020-02-18,53.791256
2020-02-19,54.035259
2020-02-20,53.481583
2020-02-21,52.665138
2020-02-24,50.900879
2020-02-25,49.540134
2020-02-26,49.446297
2020-02-27,47.494335
2020-02-28,47.635113
2020-03-02,49.286758
2020-03-03,47.663261
2020-03-04,49.380604
2020-03-05,47.578808
2020-03-06,46.752975
2020-03-09,43.637367
2020-03-10,45.861462
2020-03-11,43.890736
2020-03-12,39.770996
2020-03-13,43.346451
2020-03-16,38.457184
2020-03-17,40.127598
2020-03-18,38.795013
2020-03-19,39.489471
2020-03-20,37.743965
2020-03-23,37.944420
2020-03-24,40.278309
2020-03-25,39.657200
2020-03-26,41.915787
2020-03-27,40.240658
2020-03-30,41.708740
2020-03-31,41.633461
2020-04-01,39.977161
2020-04-02,40.485348
2020-04-03,39.666607
2020-04-06,42.282814
2020-04-07,42.593365
2020-04-08,43.506218
2020-04-09,43.826183
2020-04-13,43.892059
2020-04-14,45.190742
2020-04-15,44.767262
2020-04-16,44.946072
2020-04-17,45.557774
2020-04-20,45.143703
2020-04-21,43.722652
2020-04-22,44.899010
2020-04-23,45.218990
2020-04-24,45.793045
2020-04-27,46.169483
2020-04-28,45.331917
2020-04-29,47.524643
2020-04-30,47.317589
2020-05-01,46.658844
2020-05-04,46.931747
2020-05-05,47.176434
2020-05-06,47.044697
2020-05-07,47.929291
2020-05-08,48.804512
2020-05-11,48.832733
2020-05-12,47.882248
2020-05-13,47.063503
2020-05-14,47.571697
2020-05-15,48.230453
2020-05-18,49.246822
2020-05-19,49.237408
2020-05-20,50.601978
2020-05-21,50.244366
2020-05-22,50.545498
2020-05-26,50.686672
2020-05-27,51.044285
2020-05-28,50.564335
2020-05-29,50.837238
2020-06-01,51.420719
2020-06-02,51.627766
2020-06-03,51.787731
2020-06-04,51.401894
2020-06-05,52.239452
2020-06-08,53.218174
2020-06-09,53.086441
2020-06-10,52.926445
2020-06-11,50.489044
2020-06-12,50.931358
2020-06-15,51.750095
2020-06-16,52.173569
2020-06-17,52.239452
2020-06-18,52.408859
2020-06-19,52.267685
2020-06-22,52.382725
2020-06-23,52.722206
2020-06-24,51.534046
2020-06-25,51.760357
2020-06-26,49.478352
2020-06-29,50.393032
2020-06-30,50.958824
2020-07-01,52.222431
2020-07-02,52.052692
2020-07-06,53.099400
2020-07-07,52.948517
2020-07-08,53.420017
2020-07-09,53.486027
2020-07-10,54.410145
2020-07-13,53.316288
2020-07-14,53.844357
2020-07-15,54.164959
2020-07-16,54.259274
2020-07-17,54.136681
2020-07-20,54.787338
2020-07-21,54.523308
2020-07-22,54.579891
2020-07-23,53.693470
2020-07-24,53.608604
2020-07-27,53.976372
2020-07-28,53.420017
2020-07-29,53.910358
2020-07-30,54.061241
2020-07-31,54.815628
2020-08-03,54.862782
2020-08-04,55.211685
2020-08-05,55.126812
2020-08-06,56.579002
2020-08-07,56.513004
2020-08-10,56.324406
2020-08-11,55.485146
2020-08-12,56.145237
2020-08-13,56.428131
2020-08-14,56.418705
2020-08-17,56.484707
2020-08-18,56.993916
2020-08-19,56.833618
2020-08-20,57.540844
2020-08-21,57.286243
2020-08-24,57.984051
2020-08-25,58.530979
2020-08-26,60.530106
2020-08-27,59.794590
2020-08-28,59.936039
2020-08-31,59.653133
2020-09-01,60.143490
2020-09-02,61.425953
2020-09-03,59.341946
2020-09-04,58.257526
2020-09-08,56.720463
2020-09-09,57.399403
2020-09-10,56.550728
2020-09-11,56.371552
2020-09-14,56.588436
2020-09-15,57.597435
2020-09-16,56.975056
2020-09-17,55.928345
2020-09-18,55.390842
2020-09-21,54.742599
2020-09-22,55.800972
2020-09-23,54.468548
2020-09-24,54.572495
2020-09-25,55.300133
2020-09-28,56.037212
2020-09-29,56.093918
2020-09-30,56.131714
2020-10-01,56.934944
2020-10-02,55.810413
2020-10-05,56.727055
2020-10-06,55.536377
2020-10-07,55.942719
2020-10-08,56.670353
2020-10-09,57.010544
2020-10-12,58.513046
2020-10-13,58.569756
2020-10-14,57.870480
2020-10-15,57.426346
2020-10-16,57.435776
2020-10-19,56.405762
2020-10-20,56.812099
2020-10-21,57.766529
2020-10-22,58.144516
2020-10-23,58.692596
2020-10-26,57.407436
2020-10-27,57.775967
2020-10-28,55.508030
2020-10-29,56.906601
2020-10-30,55.942719
2020-11-02,55.914368
2020-11-03,56.745945
2020-11-04,59.193439
2020-11-05,60.336864
2020-11-06,60.195122
2020-11-09,59.684830
2020-11-10,59.495834
2020-11-11,60.034473
2020-11-12,59.694283
2020-11-13,60.582554
2020-11-16,60.969997
2020-11-17,60.752666
2020-11-18,60.138416
2020-11-19,60.506966
2020-11-20,60.365219
2020-11-23,60.393562
2020-11-24,61.631489
2020-11-25,61.622044
2020-11-27,62.018929
2020-11-30,61.801582
2020-12-01,62.935562
2020-12-02,63.521450
2020-12-03,63.237942
2020-12-04,63.294647
2020-12-07,63.691532
2020-12-08,63.597054
2020-12-09,62.841057
2020-12-10,62.878860
2020-12-11,63.256847
2020-12-14,63.058395
2020-12-15,63.578136
2020-12-16,63.521450
2020-12-17,63.360802
2020-12-18,63.417480
2020-12-21,62.875164
2020-12-22,62.288338
2020-12-23,62.647999
2020-12-24,62.714260
2020-12-28,63.840588
2020-12-29,63.783764
2020-12-30,63.357872
2020-12-31,63.868954
2021-01-04,62.922489
2021-01-05,63.149662
2021-01-06,62.846764
2021-01-07,63.679676
2021-01-08,63.878437
2021-01-11,62.742645
2021-01-12,61.729904
2021-01-13,61.947601
2021-01-14,61.597404
2021-01-15,61.796158
2021-01-19,62.913013
2021-01-20,64.891190
2021-01-21,65.127792
2021-01-22,65.156197
2021-01-25,65.534798
2021-01-26,66.424469
2021-01-27,64.275963
2021-01-28,64.503113
2021-01-29,63.301079
2021-02-01,64.484192
2021-02-02,65.468536
2021-02-03,66.348747
2021-02-04,66.746307
2021-02-05,67.588676
2021-02-08,67.853668
2021-02-09,68.080849
2021-02-10,68.724464
2021-02-11,68.800171
2021-02-12,69.093590
2021-02-16,69.424850
2021-02-17,69.623611
2021-02-18,69.282875
2021-02-19,68.601418
2021-02-22,68.326927
2021-02-23,68.856964
2021-02-24,68.980003
2021-02-25,67.475090
2021-02-26,67.740105
2021-03-01,69.472168
2021-03-02,68.961075
2021-03-03,67.976715
2021-03-04,67.853668
2021-03-05,69.443779
2021-03-08,68.516205
2021-03-09,69.282875
2021-03-10,69.576302
2021-03-11,70.891907
2021-03-12,70.693161
2021-03-15,71.194786
2021-03-16,71.942513
2021-03-17,71.951973
2021-03-18,70.759407
2021-03-19,71.374611
2021-03-22,71.974792
2021-03-23,71.443832
2021-03-24,69.642334
2021-03-25,69.300980
2021-03-26,68.542450
2021-03-29,69.244110
2021-03-30,69.244110
2021-03-31,69.519073
2021-04-01,70.713745
2021-04-05,72.202362
2021-04-06,72.382500
2021-04-07,72.941933
2021-04-08,72.951416
2021-04-09,72.932449
2021-04-12,72.638519
2021-04-13,72.733330
2021-04-14,71.984276
2021-04-15,72.904015
2021-04-16,72.856598
2021-04-19,72.448891
2021-04-20,72.060150
2021-04-21,72.183395
2021-04-22,71.652443
2021-04-23,72.486809
2021-04-26,72.638519
2021-04-27,72.344582
2021-04-28,73.008301
2021-04-29,75.027863
2021-04-30,74.003853
2021-05-03,73.615112
2021-05-04,72.951416
2021-05-05,72.809189
2021-05-06,73.662514
2021-05-07,74.221939
2021-05-10,72.799698
2021-05-11,72.591095
2021-05-12,71.168861
2021-05-13,71.680870
2021-05-14,73.093613
2021-05-17,72.515282
2021-05-18,71.775688
2021-05-19,71.889465
2021-05-20,73.122086
2021-05-21,72.875542
2021-05-24,74.202980
2021-05-25,74.184006
2021-05-26,74.667580
2021-05-27,74.952026
2021-05-28,74.705498
2021-06-01,74.752899
2021-06-02,74.525360
2021-06-03,74.022827
2021-06-04,75.084770
2021-06-07,75.473518
2021-06-08,75.255440
2021-06-09,75.179573
2021-06-10,75.587303
2021-06-11,75.672630
2021-06-14,76.175140
2021-06-15,75.738998
2021-06-16,75.075287
2021-06-17,75.388191
2021-06-18,74.506393
2021-06-21,75.229233
2021-06-22,75.875137
2021-06-23,75.799156
2021-06-24,76.511559
2021-06-25,76.606552
2021-06-28,77.470909
2021-06-29,77.052979
2021-06-30,76.910492
2021-07-01,77.480408
2021-07-02,78.021835
2021-07-06,77.831848
2021-07-07,77.717873
2021-07-08,76.863014
2021-07-09,77.546898
2021-07-12,78.097816
2021-07-13,77.898346
2021-07-14,77.841354
2021-07-15,77.290443
2021-07-16,76.806000
2021-07-19,75.637665
2021-07-20,76.492561
2021-07-21,77.128960
2021-07-22,77.394943
2021-07-23,79.313660
2021-07-26,79.722092
2021-07-27,78.772217
2021-07-28,79.389633
2021-07-29,78.534752
2021-07-30,78.268799
2021-08-02,78.088326
2021-08-03,77.736862
2021-08-04,77.955338
2021-08-05,78.667763
2021-08-06,78.667763
2021-08-09,78.525253
2021-08-10,78.677238
2021-08-11,78.829216
2021-08-12,78.971710
2021-08-13,79.019203
2021-08-16,79.152161
2021-08-17,78.496765
2021-08-18,77.898346
2021-08-19,77.907860
2021-08-20,78.582260
2021-08-23,79.532112
2021-08-24,79.788582
2021-08-25,79.912056
2021-08-26,79.218658
2021-08-27,80.472481
2021-08-30,81.023399
2021-08-31,81.327370
2021-09-01,81.735809
2021-09-02,81.184891
2021-09-03,81.184891
2021-09-07,81.374840
2021-09-08,80.956924
2021-09-09,80.557976
2021-09-10,80.035545
2021-09-13,80.235031
2021-09-14,79.541603
2021-09-15,79.931053
2021-09-16,79.855072
2021-09-17,78.971710
2021-09-20,77.384605
2021-09-21,77.061111
2021-09-22,77.023048
2021-09-23,77.812790
2021-09-24,78.450264
2021-09-27,78.440765
2021-09-28,76.528275
2021-09-29,76.461685
2021-09-30,76.223793
2021-10-01,77.508316
2021-10-04,75.833679
2021-10-05,76.965958
2021-10-06,77.099159
2021-10-07,77.432190
2021-10-08,77.051605
2021-10-11,75.890778
2021-10-12,75.186684
2021-10-13,75.538742
2021-10-14,76.604385
2021-10-15,76.423622
2021-10-18,77.013557
2021-10-19,77.755707
2021-10-20,77.907936
2021-10-21,78.136284
2021-10-22,76.480682
2021-10-25,76.813721
2021-10-26,76.128654
2021-10-27,75.919327
2021-10-28,76.166710
2021-10-29,76.404579
2021-11-01,76.528275
2021-11-02,76.537781
2021-11-03,76.813721
2021-11-04,77.118195
2021-11-05,77.736649
2021-11-08,77.394127
2021-11-09,77.203819
2021-11-10,76.328445
2021-11-11,76.176208
2021-11-12,77.289482
2021-11-15,77.508316
2021-11-16,76.927910
2021-11-17,76.632935
2021-11-18,76.081078
2021-11-19,75.824173
2021-11-22,74.901222
2021-11-23,74.701431
2021-11-24,74.806107
2021-11-26,73.435921
2021-11-29,74.063904
2021-11-30,71.713745
2021-12-01,70.058121
2021-12-02,71.237999
2021-12-03,71.076241
2021-12-06,72.246582
2021-12-07,72.988731
2021-12-08,73.521568
2021-12-09,72.941170
2021-12-10,72.979225
2021-12-13,72.598633
2021-12-14,72.408333
2021-12-15,73.169502
2021-12-16,73.064842
2021-12-17,72.769905
2021-12-20,72.261703
2021-12-21,73.634682
2021-12-22,73.815826
2021-12-23,74.473686
2021-12-27,75.198334
2021-12-28,75.160187
2021-12-29,74.788338
2021-12-30,75.102982
2021-12-31,74.063721
2022-01-03,74.578583
2022-01-04,74.416496
2022-01-05,72.547745
2022-01-06,72.871918
2022-01-07,72.881462
2022-01-10,72.423782
2022-01-11,73.329590
2022-01-12,73.424919
2022-01-13,72.662163
2022-01-14,72.995872
2022-01-18,72.109161
2022-01-19,71.985207
2022-01-20,71.270126
2022-01-21,68.857910
2022-01-24,69.363228
2022-01-25,67.942596
2022-01-26,66.951035
2022-01-27,67.027283
2022-01-28,68.943710
2022-01-31,70.507370
2022-02-01,71.117584
2022-02-02,72.538208
2022-02-03,67.685173
2022-02-04,67.856773
2022-02-07,66.674507
2022-02-08,66.645905
2022-02-09,68.524193
2022-02-10,67.542137
2022-02-11,66.083374
2022-02-14,66.092888
2022-02-15,67.017746
2022-02-16,66.550568
2022-02-17,64.777145
2022-02-18,64.271835
2022-02-22,63.613960
2022-02-23,62.546093
2022-02-24,64.300438
2022-02-25,65.339684
2022-02-28,65.263412
2022-03-01,64.443451
2022-03-02,64.996445
2022-03-03,64.319496
2022-03-04,63.394650
2022-03-07,61.287540
2022-03-08,61.134987
2022-03-09,62.965603
2022-03-10,62.498413
2022-03-11,61.373356
2022-03-14,60.658260
2022-03-15,61.821465
2022-03-16,63.528122
2022-03-17,64.214607
2022-03-18,65.053673
2022-03-21,64.444771
2022-03-22,65.649170
2022-03-23,64.750626
2022-03-24,65.811653
2022-03-25,66.127106
2022-03-28,66.337387
2022-03-29,67.493980
2022-03-30,67.016052
2022-03-31,65.744743
2022-04-01,66.232246
2022-04-04,68.057953
2022-04-05,67.188110
2022-04-06,65.935928
2022-04-07,65.362396
2022-04-08,65.075630
2022-04-11,64.234459
2022-04-12,63.708748
2022-04-13,64.645493
2022-04-14,63.546253
2022-04-18,63.335949
2022-04-19,64.597702
2022-04-20,61.796997
2022-04-21,60.038204
2022-04-22,58.613953
2022-04-25,59.416882
2022-04-26,57.466904
2022-04-27,56.186035
2022-04-28,58.432343
2022-04-29,56.453682
2022-05-02,58.011757
2022-05-03,58.164692
2022-05-04,60.162460
2022-05-05,57.944847
2022-05-06,56.750008
2022-05-09,55.277969
2022-05-10,55.526493
2022-05-11,54.522827
2022-05-12,55.115471
2022-05-13,56.405891
2022-05-16,56.042667
2022-05-17,57.266178
2022-05-18,55.392670
2022-05-19,55.316200
2022-05-20,55.459587
2022-05-23,56.291187
2022-05-24,54.293423
2022-05-25,55.019882
2022-05-26,56.358097
2022-05-27,57.562511
2022-05-31,57.524269
2022-06-01,56.864716
2022-06-02,58.250725
2022-06-03,56.988976
2022-06-06,57.275734
2022-06-07,57.686756
2022-06-08,57.533817
2022-06-09,55.765461
2022-06-10,54.207390
2022-06-13,51.645657
2022-06-14,51.502281
2022-06-15,52.658882
2022-06-16,50.737587
2022-06-17,51.464043
2022-06-21,51.828159
2022-06-22,51.914387
2022-06-23,52.556385
2022-06-24,54.558983
2022-06-27,54.041561
2022-06-28,52.470142
2022-06-29,52.633026
2022-06-30,52.000629
2022-07-01,52.527630
2022-07-05,53.744518
2022-07-06,53.754112
2022-07-07,54.597313
2022-07-08,54.338600
2022-07-11,52.690521
2022-07-12,52.661774
2022-07-13,52.422226
2022-07-14,51.761074
2022-07-15,53.092957
2022-07-18,52.824661
2022-07-19,54.702713
2022-07-20,55.603397
2022-07-21,55.574657
2022-07-22,53.648708
2022-07-25,53.466652
2022-07-26,52.393490
2022-07-27,54.606884
2022-07-28,53.984070
2022-07-29,54.012814
2022-08-01,53.936161
2022-08-02,53.849930
2022-08-03,55.143478
2022-08-04,55.383022
2022-08-05,54.702713
2022-08-08,55.018906
2022-08-09,54.482334
2022-08-10,56.015419
2022-08-11,56.072906
2022-08-12,57.069420
2022-08-15,57.270641
2022-08-16,57.385620
2022-08-17,56.274124
2022-08-18,56.187897
2022-08-19,55.277611
2022-08-22,53.696621
2022-08-23,53.236694
2022-08-24,53.552887
2022-08-25,54.597313
2022-08-26,52.853413
2022-08-29,52.441395
2022-08-30,51.981464
2022-08-31,52.106033
2022-09-01,52.585117
2022-09-02,51.588615
2022-09-06,50.946625
2022-09-07,51.971893
2022-09-08,51.847321
2022-09-09,53.294170
2022-09-12,53.572052
2022-09-13,50.630424
2022-09-14,50.716663
2022-09-15,50.496281
2022-09-16,49.959702
2022-09-19,50.247768
2022-09-20,49.469994
2022-09-21,48.260128
2022-09-22,48.087292
2022-09-23,47.155888
2022-09-26,46.387718
2022-09-27,46.138065
2022-09-28,47.712811
2022-09-29,46.550957
2022-09-30,45.984432
2022-10-03,47.271114
2022-10-04,48.721031
2022-10-05,48.346546
2022-10-06,48.087292
2022-10-07,46.791008
2022-10-10,46.666180
2022-10-11,45.792389
2022-10-12,45.734776
2022-10-13,46.839016
2022-10-14,46.070847
2022-10-17,47.338333
2022-10-18,47.693600
2022-10-19,47.732006
2022-10-20,47.847240
2022-10-21,48.154499
2022-10-24,48.490574
2022-10-25,49.777264
2022-10-26,48.202515
2022-10-27,45.917225
2022-10-28,47.079071
2022-10-31,46.291702
2022-11-01,45.994030
2022-11-02,44.697742
2022-11-03,43.603107
2022-11-04,43.900776
2022-11-07,44.688152
2022-11-08,44.736160
2022-11-09,44.131222
2022-11-10,46.800613
2022-11-11,48.029675
2022-11-14,47.837631
2022-11-15,48.548191
2022-11-16,48.068085
2022-11-17,47.703209
2022-11-18,47.559170
2022-11-21,47.165485
2022-11-22,47.866440
2022-11-23,48.471371
2022-11-25,48.202515
2022-11-28,47.434349
2022-11-29,47.453552
2022-11-30,49.460396
2022-12-01,49.748463
2022-12-02,49.873283
2022-12-05,49.085907
2022-12-06,47.674408
2022-12-07,47.434349
2022-12-08,47.338333
2022-12-09,47.472759
2022-12-12,47.847240
2022-12-13,48.653809
2022-12-14,48.020077
2022-12-15,46.147671
2022-12-16,46.138065
2022-12-19,45.058056
2022-12-20,45.366093
2022-12-21,45.962875
2022-12-22,45.568226
2022-12-23,46.010998
2022-12-27,45.597095
2022-12-28,44.932930
2022-12-29,46.174644
2022-12-30,46.193893
2023-01-03,46.790695
2023-01-04,47.666622
2023-01-05,47.734020
2023-01-06,48.513687
2023-01-09,48.590694
2023-01-10,49.322262
2023-01-11,49.678413
2023-01-12,50.227074
2023-01-13,50.390713
2023-01-17,49.919056
2023-01-18,49.312630
2023-01-19,49.562901
2023-01-20,51.112640
2023-01-23,52.007835
2023-01-24,51.863449
2023-01-25,52.046337
2023-01-26,52.854900
2023-01-27,53.220680
2023-01-30,52.383240
2023-01-31,53.018547
2023-02-01,53.644215
2023-02-02,57.167225
2023-02-03,56.021770
2023-02-06,55.347969
2023-02-07,56.377914
2023-02-08,54.606781
2023-02-09,53.413204
2023-02-10,52.903027
2023-02-13,53.653843
2023-02-14,53.673080
2023-02-15,54.164005
2023-02-16,53.336185
2023-02-17,53.278431
2023-02-21,52.104092
2023-02-22,52.209984
2023-02-23,51.969337
2023-02-24,51.247402
2023-02-27,51.411041
2023-02-28,51.497673
2023-03-01,51.103020
2023-03-02,51.584301
2023-03-03,52.710510
2023-03-06,52.710510
2023-03-07,52.171482
2023-03-08,52.200352
2023-03-09,51.026016
2023-03-10,50.304081
2023-03-13,50.304081
2023-03-14,51.728691
2023-03-15,52.286980
2023-03-16,53.461323
2023-03-17,52.951153
2023-03-20,53.346897
2023-03-21,54.485836
2023-03-22,53.530281
2023-03-23,54.398972
2023-03-24,54.678875
2023-03-27,54.370018
2023-03-28,53.926018
2023-03-29,54.640270
2023-03-30,54.900883
2023-03-31,55.952950
2023-04-03,56.184597
2023-04-04,56.358334
2023-04-05,56.174953
2023-04-06,56.879543
2023-04-10,56.754074
2023-04-11,56.609295
2023-04-12,56.020512
2023-04-13,57.188412
2023-04-14,57.169106
2023-04-17,56.840931
2023-04-18,56.551369
2023-04-19,56.126686
2023-04-20,55.547562
2023-04-21,55.682690
2023-04-24,55.624783
2023-04-25,54.756092
2023-04-26,54.176971
2023-04-27,57.323544
2023-04-28,57.815796
2023-05-01,57.806141
2023-05-02,56.734764
2023-05-03,56.512768
2023-05-04,55.605473
2023-05-05,56.300423
2023-05-08,56.869892
2023-05-09,56.512768
2023-05-10,57.014671
2023-05-11,57.584148
2023-05-12,57.632404
2023-05-15,57.902660
2023-05-16,57.835102
2023-05-17,58.539696
2023-05-18,59.591774
2023-05-19,59.273258
2023-05-22,59.813766
2023-05-23,59.070560
2023-05-24,58.800301
2023-05-25,58.800301
2023-05-26,59.997158
2023-05-30,60.093678
2023-05-31,60.074379
2023-06-01,60.885147
2023-06-02,60.962368
2023-06-05,61.116795
2023-06-06,61.367748
2023-06-07,60.682453
2023-06-08,60.991318
2023-06-09,61.010628
2023-06-12,61.734528
2023-06-13,61.937218
2023-06-14,62.043388
2023-06-15,63.027908
2023-06-16,62.506695
2023-06-20,62.202152
2023-06-21,61.583424
2023-06-22,62.066814
2023-06-23,61.931465
2023-06-26,61.312725
2023-06-27,62.347172
2023-06-28,62.627544
2023-06-29,62.289165
2023-06-30,62.917564
2023-07-03,63.130260
2023-07-05,63.613655
2023-07-06,63.110920
2023-07-07,62.888573
2023-07-10,62.724209
2023-07-11,63.816669
2023-07-12,64.590080
2023-07-13,65.537514
2023-07-14,64.918800
2023-07-17,64.686760
2023-07-18,65.131477
2023-07-19,65.315163
2023-07-20,64.019691
2023-07-21,63.381622
2023-07-24,63.497623
2023-07-25,63.700661
2023-07-26,64.696419
2023-07-27,65.237831
2023-07-28,66.523621
2023-07-31,66.504295
2023-08-01,66.417290
2023-08-02,65.170151
2023-08-03,65.005791
2023-08-04,64.860779
2023-08-07,65.866226
2023-08-08,65.682556
2023-08-09,64.976791
2023-08-10,65.199150
2023-08-11,64.889786
2023-08-14,65.363503
2023-08-15,64.783440
2023-08-16,64.010017
2023-08-17,63.275272
2023-08-18,62.898239
2023-08-21,63.352615
2023-08-22,63.352615
2023-08-23,64.377396
2023-08-24,63.139931
2023-08-25,63.207592
2023-08-28,63.981026
2023-08-29,65.402176
2023-08-30,65.411842
2023-08-31,65.479515
2023-09-01,64.870445
2023-09-05,64.860779
2023-09-06,64.657761
2023-09-07,64.541756
2023-09-08,64.735100
2023-09-11,65.711563
2023-09-12,65.025139
2023-09-13,65.237831
2023-09-14,66.146599
2023-09-15,65.266830
2023-09-18,65.313347
2023-09-19,65.361816
2023-09-20,64.470146
2023-09-21,63.675419
2023-09-22,63.597893
2023-09-25,63.752960
2023-09-26,63.045452
2023-09-27,63.210228
2023-09-28,63.908035
2023-09-29,63.549431
2023-10-02,64.024330
2023-10-03,63.161755
2023-10-04,63.762661
2023-10-05,63.675419
2023-10-06,64.848137
2023-10-09,65.545944
2023-10-10,65.923920
2023-10-11,66.524841
2023-10-12,65.739792
2023-10-13,65.003197
2023-10-16,66.049919
2023-10-17,66.282532
2023-10-18,65.138901
2023-10-19,65.071045
2023-10-20,64.470146
2023-10-23,64.809372
2023-10-24,65.575043
2023-10-25,62.735317
2023-10-26,61.368771
2023-10-27,61.145859
2023-10-30,62.405796
2023-10-31,62.725628
2023-11-01,63.646351
2023-11-02,64.489548
2023-11-03,65.478111
2023-11-06,65.303650
2023-11-07,65.652557
2023-11-08,65.342422
2023-11-09,65.323036
2023-11-10,66.360054
2023-11-13,66.214684
2023-11-14,67.290482
2023-11-15,67.620003
2023-11-16,67.920456
2023-11-17,67.910759
2023-11-20,68.676430
2023-11-21,68.443817
2023-11-22,69.005936
2023-11-24,68.773331
2023-11-27,68.346886
2023-11-28,68.511658
2023-11-29,68.017380
2023-11-30,67.620003
2023-12-01,67.755699
2023-12-04,67.077255
2023-12-05,66.767128
2023-12-06,66.592659
2023-12-07,67.988297
2023-12-08,68.308128
2023-12-11,67.784767
2023-12-12,68.065857
2023-12-13,68.705482
2023-12-14,69.005936
2023-12-15,68.831474
2023-12-18,69.680634
2023-12-19,70.389870
2023-12-20,69.845779
2023-12-21,70.535614
2023-12-22,70.545326
2023-12-26,70.817352
2023-12-27,70.827087
2023-12-28,71.021378
2023-12-29,70.593903
2024-01-02,70.195572
2024-01-03,69.933243
2024-01-04,69.700058
2024-01-05,69.991524
2024-01-08,71.079697
2024-01-09,70.933968
2024-01-10,71.594627
2024-01-11,71.361435
2024-01-12,71.711205
2024-01-16,71.303154
2024-01-17,70.865944
2024-01-18,71.730644
2024-01-19,72.702209
2024-01-22,72.847923
2024-01-23,73.566879
2024-01-24,74.023521
2024-01-25,75.228271
2024-01-26,75.471153
2024-01-29,76.102676
2024-01-30,75.587761
2024-01-31,73.722336
2024-02-01,74.480171
2024-02-02,77.472572
2024-02-05,76.384430
2024-02-06,76.151245
2024-02-07,76.539879
2024-02-08,76.831360
2024-02-09,76.918785
2024-02-12,77.161690
2024-02-13,76.073540
2024-02-14,77.287971
2024-02-15,77.919510
2024-02-16,76.705055
2024-02-20,76.588455
2024-02-21,76.501007
2024-02-22,77.647469
2024-02-23,77.453140
2024-02-26,76.326141
2024-02-27,76.947937
2024-02-28,76.423294
2024-02-29,77.103394
2024-03-01,77.744614
2024-03-04,76.724472
2024-03-05,76.102676
2024-03-06,76.209557
2024-03-07,77.443436
2024-03-08,77.326843
2024-03-11,77.181114
2024-03-12,77.861198
2024-03-13,77.997238
2024-03-14,77.812645
2024-03-15,77.035393
2024-03-18,78.617470
2024-03-19,78.588249
2024-03-20,79.513741
2024-03-21,79.542969
2024-03-22,79.708565
2024-03-25,79.435791
2024-03-26,79.270180
2024-03-27,79.679359
2024-03-28,79.552704
2024-04-01,80.166435
2024-04-02,80.039810
2024-04-03,80.673012
2024-04-04,79.581917
2024-04-05,80.390503
2024-04-08,80.400253
2024-04-09,80.487946
2024-04-10,79.854698
2024-04-11,80.556122
2024-04-12,79.231209
2024-04-15,78.227798
2024-04-16,77.964760
2024-04-17,77.896568
2024-04-18,78.276489
2024-04-19,77.419212
2024-04-22,77.526367
2024-04-23,78.705154
2024-04-24,78.753845
2024-04-25,75.948181
2024-04-26,78.042686
2024-04-29,77.136696
2024-04-30,75.850754
2024-05-01,76.552177
2024-05-02,77.321800
2024-05-03,78.140106
2024-05-06,79.201996
2024-05-07,79.289650
2024-05-08,79.163017
2024-05-09,79.562439
2024-05-10,79.679359
2024-05-13,79.533211
2024-05-14,79.893669
2024-05-15,80.400253
2024-05-16,80.341797
2024-05-17,80.478188
2024-05-20,80.711983
2024-05-21,80.604820
2024-05-22,80.702248
2024-05-23,79.786507
2024-05-24,80.809402
2024-05-28,80.945786
2024-05-29,80.517151
2024-05-30,80.254112
2024-05-31,81.111397
2024-06-03,81.432892
2024-06-04,81.744637
2024-06-05,82.738312
2024-06-06,82.787033
2024-06-07,82.221985
2024-06-10,82.426567
2024-06-11,82.582443
2024-06-12,82.407066
2024-06-13,81.695930
2024-06-14,81.958954
2024-06-17,82.348633
2024-06-18,81.861542
2024-06-20,82.212250
2024-06-21,82.748055
2024-06-24,83.025459
2024-06-25,83.953384
2024-06-26,83.963158
2024-06-27,84.441772
2024-06-28,83.670128
2024-07-01,83.318481
2024-07-02,84.060837
2024-07-03,84.090126
2024-07-05,85.721352
2024-07-08,84.949692
2024-07-09,85.213417
2024-07-10,85.750633
2024-07-11,84.578506
2024-07-12,84.305023
2024-07-15,84.607819
2024-07-16,84.832481
2024-07-17,83.552910
2024-07-18,83.504074
2024-07-19,83.132896
2024-07-22,83.484550
2024-07-23,83.367317
2024-07-24,81.189125
2024-07-25,80.251427
2024-07-26,81.755646
2024-07-29,82.478462
2024-07-30,82.810577
2024-07-31,83.797104
2024-08-01,84.138962
2024-08-02,82.771500
2024-08-05,80.397949
2024-08-06,81.345406
2024-08-07,80.915627
2024-08-08,82.527298
2024-08-09,83.230591
2024-08-12,82.654289
2024-08-13,83.728729
2024-08-14,83.250107
2024-08-15,84.002220
2024-08-16,84.256180
2024-08-19,85.213417
2024-08-20,85.154808
2024-08-21,85.516228
2024-08-22,84.871552
2024-08-23,85.467392
2024-08-26,85.662743
2024-08-27,85.467392
2024-08-28,84.900856
2024-08-29,84.725037
2024-08-30,85.291557
2024-09-03,83.728729
2024-09-04,83.328255
2024-09-05,83.572449
2024-09-06,81.824028
2024-09-09,82.175659
2024-09-10,82.156128
2024-09-11,82.497993
2024-09-12,84.041306
2024-09-13,84.852020
2024-09-16,85.740883
2024-09-17,85.740883
2024-09-18,85.672493
2024-09-19,86.834854
2024-09-20,86.834854
2024-09-23,87.029823
2024-09-24,87.441322
2024-09-25,87.166985
2024-09-26,87.656876
2024-09-27,88.185913
2024-09-30,88.568008
2024-10-01,88.636589
2024-10-02,88.362267
2024-10-03,88.058548
2024-10-04,89.038284
2024-10-07,87.843010
2024-10-08,88.616997
2024-10-09,88.646393
2024-10-10,87.989967
2024-10-11,88.597397
2024-10-14,89.008896
2024-10-15,89.204849
2024-10-16,89.146049
2024-10-17,88.724762
2024-10-18,89.381195
2024-10-21,89.028496
2024-10-22,89.155853
2024-10-23,88.479828
2024-10-24,88.783554
2024-10-25,89.008896
2024-10-28,89.577133
2024-10-29,90.419716
2024-10-30,90.968346
2024-10-31,90.174767
2024-11-01,90.527481
2024-11-04,90.223763
2024-11-05,91.223091
2024-11-06,93.466690
2024-11-07,94.691360
2024-11-08,94.230873
2024-11-11,94.759933
2024-11-12,95.191017
2024-11-13,95.230209
2024-11-14,95.122437
2024-11-15,93.221748
2024-11-18,94.142693
2024-11-19,94.759933
2024-11-20,95.367371
2024-11-21,95.122437
2024-11-22,94.916695
2024-11-25,95.406563
2024-11-26,95.759254
2024-11-27,95.886627
2024-11-29,96.405884
2024-12-02,97.199478
2024-12-03,97.983261
2024-12-04,98.208595
2024-12-05,97.983261
2024-12-06,98.884613
2024-12-09,96.778198
2024-12-10,98.296783
2024-12-11,99.903542
2024-12-12,100.089699
2024-12-13,98.894417
2024-12-16,99.276520
2024-12-17,98.531914
2024-12-18,95.720062
2024-12-19,95.455551
2024-12-20,95.974800
2024-12-23,96.499344
2024-12-24,97.412865
2024-12-26,97.285179
2024-12-27,96.420769
2024-12-30,95.409012
2024-12-31,95.094681
2025-01-02,95.556351
2025-01-03,96.145714
2025-01-06,97.186943
2025-01-07,96.106438
2025-01-08,95.536720
2025-01-10,94.112396
2025-01-13,94.151695
2025-01-14,93.837364
2025-01-15,95.379547
2025-01-16,94.839294
2025-01-17,95.664406
2025-01-21,96.528809
2025-01-22,97.491440
2025-01-23,97.746841
2025-01-24,98.630898
2025-01-27,99.141678
2025-01-28,99.622993
2025-01-29,100.065025
2025-01-30,100.163261
2025-01-31,100.565994
2025-02-03,100.782082
2025-02-04,101.685791
2025-02-05,100.703506
2025-02-06,101.135719
2025-02-07,100.919617
2025-02-10,101.371460
2025-02-11,101.538460
2025-02-12,101.646507
2025-02-13,102.815414
2025-02-14,103.444077
2025-02-18,102.962761
2025-02-19,103.080650
2025-02-20,102.599312
2025-02-21,101.194649
2025-02-24,101.391113
2025-02-25,99.888214
2025-02-26,99.711411
2025-02-27,98.748772
2025-02-28,100.192726
2025-03-03,99.190804
2025-03-04,98.404968
2025-03-05,99.672112
2025-03-06,97.884369
2025-03-07,98.513023
2025-03-10,96.057320
2025-03-11,94.642830
2025-03-12,95.114326
2025-03-13,93.159599
2025-03-14,94.868759
2025-03-17,95.546532
2025-03-18,94.210640
2025-03-19,95.330429
2025-03-20,95.124153
2025-03-21,95.870697
2025-03-24,97.228279
2025-03-25,98.459770
2025-03-26,97.622353
2025-03-27,97.188881
2025-03-28,94.321960
2025-03-31,95.021454
2025-04-01,95.080566
2025-04-02,95.415527
2025-04-03,91.159515
2025-04-04,85.938019
2025-04-07,86.056244
2025-04-08,84.854301
2025-04-09,92.351578
2025-04-10,89.159584
2025-04-11,89.918175
2025-04-14,90.519142
2025-04-15,90.745735
2025-04-16,88.302475
2025-04-17,88.873871
2025-04-21,86.873940
2025-04-22,89.139877
2025-04-23,90.568398
2025-04-24,92.381149
2025-04-25,92.962410
2025-04-28,93.317078
2025-04-29,93.996864
2025-04-30,94.026413
2025-05-01,94.509155
2025-05-02,95.977081
2025-05-05,96.203690
2025-05-06,96.183968
2025-05-07,96.006638
2025-05-08,96.233238
2025-05-09,95.740639
2025-05-12,97.730721
2025-05-13,98.686348
2025-05-14,99.198654
2025-05-15,99.592728
2025-05-16,100.272514
2025-05-19,100.371025
2025-05-20,100.124733
2025-05-21,99.375999
2025-05-22,99.159256
2025-05-23,98.706070
2025-05-27,100.311913
2025-05-28,100.292221
2025-05-29,99.484367
2025-05-30,99.898148
2025-06-02,100.390732
2025-06-03,100.105026
2025-06-04,100.745407
2025-06-05,100.883331
2025-06-06,102.173920
2025-06-09,101.878365
2025-06-10,103.168968
2025-06-11,102.932526
2025-06-12,102.095108
2025-06-13,101.060669
2025-06-16,102.794594
2025-06-17,101.888222
2025-06-18,101.937477
2025-06-20,101.316811
2025-06-23,102.599678
2025-06-24,103.923042
2025-06-25,103.903290
2025-06-26,105.108131
2025-06-27,106.342606
2025-06-30,107.182045
2025-07-01,106.421616
2025-07-02,106.115463
2025-07-03,106.698143
2025-07-07,105.671059
2025-07-08,105.453781
2025-07-09,105.730309
2025-07-10,105.374771
2025-07-11,104.693344
2025-07-14,105.720436
2025-07-15,104.673599
2025-07-16,104.989624
2025-07-17,105.355034
2025-07-18,104.871117
2025-07-21,106.273476
2025-07-22,106.520370
2025-07-23,107.103043
2025-07-24,107.280807
2025-07-25,106.283356
2025-07-28,105.710556
2025-07-29,104.801987
2025-07-30,105.127884
2025-07-31,106.075966
2025-08-01,104.801987
2025-08-04,106.816643
2025-08-05,105.987076
2025-08-06,106.391991
2025-08-07,105.937698
2025-08-08,106.293228
2025-08-11,106.836395
2025-08-12,108.880692
2025-08-13,109.730003
2025-08-14,109.818893
2025-08-15,110.095413
2025-08-18,109.423859
2025-08-19,108.811562
2025-08-20,108.485649
2025-08-21,108.367157
2025-08-22,109.927521
2025-08-25,110.105286
2025-08-26,109.621376
2025-08-27,109.809021
2025-08-28,110.223808
2025-08-29,110.006531
2025-09-02,109.818893
2025-09-03,111.655785
2025-09-04,112.663124
2025-09-05,113.265541
2025-09-08,113.393929
2025-09-09,114.035851
2025-09-10,113.196419
2025-09-11,114.934555
2025-09-12,115.892494
2025-09-15,117.522011
2025-09-16,117.047974
2025-09-17,117.354118
2025-09-18,117.443008
2025-09-19,117.926918
2025-09-22,117.515656
2025-09-23,117.347176
2025-09-24,116.375969
2025-09-25,115.979561
2025-09-26,117.109322
2025-09-29,117.485916
2025-09-30,117.307533
2025-10-01,115.662430
2025-10-02,115.404762
2025-10-03,115.345306
2025-10-06,115.464233
2025-10-07,115.018257
2025-10-08,114.542572
2025-10-09,113.888504
2025-10-10,111.787529
2025-10-13,112.818192
2025-10-14,113.561455
2025-10-15,114.364189
2025-10-16,113.145226
2025-10-17,113.908318
2025-10-20,115.196648
2025-10-21,115.602966
2025-10-22,114.602036
2025-10-23,114.215538
2025-10-24,114.512848
2025-10-27,116.108398
2025-10-28,115.533600
2025-10-29,115.246201
2025-10-30,113.293884
2025-10-31,113.779480
2025-11-03,112.570435
2025-11-04,111.797432
2025-11-05,112.401955
2025-11-06,111.391113
2025-11-07,111.103722
2025-11-10,112.263214
2025-11-11,113.174957
2025-11-12,112.520889
2025-11-13,110.925339
2025-11-14,110.330719
2025-11-17,110.182068
2025-11-18,110.806404
2025-11-19,110.191978
2025-11-20,108.982925
2025-11-21,110.895615
2025-11-24,111.995644
2025-11-25,113.274063
2025-11-26,113.432625
2025-11-28,114.354286
2025-12-01,113.819130
2025-12-02,114.195717
2025-12-03,114.096611
2025-12-04,114.750694
2025-12-05,116.078659
2025-12-08,115.216476
2025-12-09,115.345306
2025-12-10,116.019203
2025-12-11,115.761536
2025-12-12,115.503868
2025-12-15,115.523689
2025-12-16,115.602966
2025-12-17,114.770500
2025-12-18,115.424583
2025-12-19,115.474129
2025-12-22,115.987167
2025-12-23,116.712952
2025-12-24,117.408913
2025-12-26,117.289612
2025-12-29,117.210068
2025-12-30,117.607758
2025-12-31,117.041054
2026-01-02,116.225784
2026-01-05,117.070877
2026-01-06,116.653305
2026-01-07,116.414680
2026-01-08,116.802437
2026-01-09,117.229958
2026-01-12,116.872032
2026-01-13,116.215836
2026-01-14,115.967278
2026-01-15,115.539764
2026-01-16,114.505753
2026-01-20,112.815559
2026-01-21,113.968864
2026-01-22,115.579529
2026-01-23,116.285431
2026-01-26,117.090759
2026-01-27,116.225784
2026-01-28,116.076645
2026-01-29,119.099113
2026-01-30,119.387444
2026-02-02,118.979805
2026-02-03,117.060936
2026-02-04,116.126358
2026-02-05,115.539764
2026-02-06,115.092354
2026-02-09,116.205887
2026-02-10,116.901855
2026-02-11,116.066704
2026-02-12,113.978813
2026-02-13,113.919159
2026-02-17,113.740196
2026-02-18,113.929100
2026-02-19,114.475929
2026-02-20,116.126358
2026-02-23,114.694664
2026-02-24,115.490051
2026-02-25,115.828087
2026-02-26,116.046822
2026-02-27,117.369156
2026-03-02,117.190193
2026-03-03,117.279663
2026-03-04,118.104881
2026-03-05,117.756905
2026-03-06,116.782555
2026-03-09,116.881973
2026-03-10,116.703011
2026-03-11,116.325203
2026-03-12,114.605179
2026-03-13,113.789909
2026-03-16,114.664841
2026-03-17,114.704605
2026-03-18,113.004471
2026-03-19,112.487465
2026-03-20,111.582718
2026-03-23,112.417542
2026-03-24,110.841644
2026-03-25,111.150841
2026-03-26,108.527664
2026-03-27,106.762260
2026-03-30,107.679871
2026-03-31,110.572342
2026-04-01,110.951355
2026-04-02,111.410164
2026-04-06,111.470009
2026-04-07,111.529854
2026-04-08,113.514687
2026-04-09,113.973495
2026-04-10,113.654320
2026-04-13,114.522072
2026-04-14,116.257553
2026-04-15,117.055481
2026-04-16,118.521667
2026-04-17,118.790962
2026-04-20,118.441872
2026-04-21,116.856003
2026-04-22,117.574127
2026-04-23,117.085396
2026-04-24,115.240204
2026-04-27,115.509499
2026-04-28,115.449654
2026-04-29,114.990852
2026-04-30,116.207687
2026-05-01,116.417137
2026-05-04,115.798744
2026-05-05,115.329964
2026-05-06,117.045502
2026-05-07,117.075424
2026-05-08,116.636574
2026-05-11,115.280098
2026-05-12,115.559372
2026-05-13,116.457039
2026-05-14,116.806129
2026-05-15,115.778801
2026-05-18,116.676468
2026-05-19,115.549393
2026-05-20,115.798744
2026-05-21,115.798744
2026-05-22,115.160408
2026-05-26,115.250175
2026-05-27,115.958336
2026-05-28,116.367264
2026-05-29,115.389816
2026-06-01,115.310020
2026-06-02,113.275314
2026-06-03,111.789177
2026-06-04,112.816505
2026-06-05,111.380241
2026-06-08,110.801743
2026-06-09,111.190735
2026-06-10,110.721954
2026-06-11,111.829079
2026-06-12,111.360298
2026-06-15,111.898895
2026-06-16,112.028557
2026-06-17,108.916649
2026-06-18,109.166000
2026-06-22,106.860001
2026-06-23,107.269997
2026-06-24,106.540001
2026-06-25,105.580002
2026-06-26,106.180000
2026-06-29,107.879997
2026-06-30,107.129997
2026-07-01,109.739998
2026-07-02,109.599998
2026-07-06,110.209999
2026-07-07,111.019997
2026-07-08,109.459999
2026-07-09,110.510002
2026-07-10,111.639999
2026-07-13,111.589996
2026-07-14,111.449997
2026-07-15,113.379997
2026-07-16,112.650002
2026-07-17,110.650002
2026-07-20,110.945000
2026-07-21,110.029999
2026-07-22,109.199997
2026-07-23,105.379997
2026-07-24,106.300003
2026-07-27,107.660004
2026-07-28,109.669998
2026-07-29,109.510002
2026-07-30,106.580002
2026-07-31,108.239998
2026-08-03,111.339996
2026-08-04,112.040001
2026-08-05,110.870003
2026-08-06,111.180000
2026-08-07,111.250000
2026-08-10,111.830002
2026-08-11,111.269997
2026-08-12,110.269997
2026-08-13,112.550003
2026-08-14,112.949997
2026-08-17,110.820000
2026-08-18,110.480003
2026-08-19,111.320000
2026-08-20,110.680000
